latitude,longitude
38.877225025596886,-77.20205504526645
38.80487699918825,-77.36553841540712
38.81356182558777,-77.33058064840385
38.8109082815967,-77.36786165433548
38.849496453109396,-77.33112300931387
38.91403764331049,-77.37091625199756
38.76526778067619,-77.27050524123013
38.864019992270116,-77.35035468303678
38.87227375914371,-77.32303124322154
38.865852769679535,-77.39027785255897
38.805022098600325,-77.32323424655698
38.92356257248564,-77.28406420110258
38.888961382381154,-77.27566981379003
38.84154696690918,-77.3078491681656
38.896499139120095,-77.32425017016003
38.84422490864805,-77.28940855657596
38.786400577334355,-77.3103911082382
38.85288146647096,-77.35222921227175
38.82599535154752,-77.22049388856223
38.77826658592991,-77.3076268732068
38.86023749368085,-77.32614458116794
38.814525284173676,-77.29339844073809
38.84393067112102,-77.38783167887829
38.79703780114357,-77.24005674878227
38.846171713366,-77.29404235531955
38.87307057091233,-77.36189778468946
38.92620078156472,-77.32330992330324
38.873234323125835,-77.37412937095432
38.78648595358228,-77.29002932586519
38.89401073484507,-77.38945365474875
38.762274063451684,-77.32170578774615
38.9139343997373,-77.29011645517994
38.89835228076298,-77.33604763898533
38.79837569852857,-77.26323319852786
38.83255880426868,-77.38230484538643
38.8303536593325,-77.32371777277147
38.881636895431,-77.33828022351898
38.885911624354186,-77.36792778757955
38.87736658287045,-77.35019763418758
38.836973319451374,-77.30180506171146
38.82710254326313,-77.32192640536451
38.841866875072554,-77.32971242657817
38.809601137228974,-77.29103231776554
38.856011725822,-77.38354241844202
38.82753949252698,-77.2647654873389
38.91725247830551,-77.3088812077638
38.84213817702209,-77.2026785822384
38.86219388557215,-77.30559812151589
38.80679428436047,-77.39950043965135
38.92258316247463,-77.35287351749831
38.83822280220691,-77.31638474196144
38.80888511046456,-77.27754863738532
38.825507242854016,-77.28775494707104
38.85177706129571,-77.24954891006934
38.82151615862785,-77.30714304851
38.84434860458822,-77.29324886995352
38.91430378850456,-77.35923677620636
38.837402758840696,-77.30406829813577
38.84275378517435,-77.30844507961108
38.790511023771295,-77.28495658057894
38.872361597866416,-77.2223214958849
38.844527426606184,-77.28075063923116
38.92964351130514,-77.27503215177597
38.78639564241669,-77.38926794320683
38.87445349248187,-77.31559970025285
38.758921085528435,-77.33347240346868
38.852965445400784,-77.29336156486856
38.81384989959553,-77.30741099279022
38.814371236915456,-77.3169696619459
38.84575193093569,-77.30715845044267
38.78431817379026,-77.35592720325606
38.82278545289669,-77.32585019583239
38.86195757622343,-77.26148881819145
38.80988631000839,-77.38093075014872
38.84103980249792,-77.28397907310033
38.86895556682821,-77.28121091270414
38.921140379967895,-77.34557018890236
38.877750452756125,-77.29589718410908
38.84287008901781,-77.30263851023949
38.82540735885666,-77.36450478443936
38.76804640734596,-77.27973774560834
38.805572221401405,-77.26585499320558
38.82707873569415,-77.32405884315028
38.870628587047854,-77.40928794326764
38.87266203344688,-77.26895520833841
38.842948335678386,-77.26192852134209
38.802337892862,-77.37072491757517
38.84152561652131,-77.31018578238663
38.80874737808193,-77.34717129388758
38.79798307203062,-77.250425788662
38.82910455093155,-77.35468629806928
38.857597845336414,-77.35535771439592
38.8414640915969,-77.33612324686348
38.84057012330665,-77.30239560652112
38.819172461585865,-77.38405869635562
38.780866183599066,-77.31259838543212
38.791671577838486,-77.29209456670192
38.83273834803974,-77.21246480361802
38.84348633174996,-77.29482519550764
38.88409212092253,-77.21490129209062
38.85470781745069,-77.351095105935
38.86104970694849,-77.2880441037696
38.83113501037135,-77.27588108280125
38.790457315702426,-77.39424119697051
38.85201764666465,-77.36701402792254
38.84644851712439,-77.30700981294882
38.84950514323155,-77.30657211955108
38.77224726456586,-77.31829913850682
38.847466173909,-77.30269979154349
38.84203150497397,-77.22417190842327
38.85788154154573,-77.38743333292344
38.87490285358294,-77.41421103584393
38.896872115935984,-77.27132913171012
38.8463736140436,-77.41513983670451
38.89125931691718,-77.24138352359978
38.8439973073065,-77.30885532526939
38.908725566301705,-77.37983461557843
38.822404557015815,-77.33302011797403
38.92736834119874,-77.27924351871864
38.86312092055896,-77.30926032905198
38.80978614909372,-77.29051133385089
38.86542125883405,-77.32590814352761
38.85023319303843,-77.26970645297024
38.77516092579986,-77.30997208355414
38.855351477562856,-77.30327382818714
38.805075063468394,-77.27973584330785
38.90153266243136,-77.30634619405038
38.847547769406106,-77.30324184639228
38.872181378907904,-77.27831103556889
38.889698551236066,-77.3235190469206
38.82591329409618,-77.30136005680629
38.91322163259303,-77.31777830279802
38.83184935673588,-77.35694824209874
38.853625863861886,-77.35419485275418
38.84119655759399,-77.26357205998877
38.900289287460325,-77.39274063369919
38.80857486820341,-77.25355598828057
38.79832765654917,-77.32436396027958
38.85014602577284,-77.34161106922735
38.85858385259643,-77.32098644087655
38.85253201218169,-77.31478849991782
38.842420820247405,-77.23725622857678
38.78793025447069,-77.25011046915813
38.7979995649086,-77.22110922367646
38.76048087932167,-77.31935385992578
38.80712284518819,-77.29101572508844
38.887618871816485,-77.29681744661394
38.851020175749426,-77.33484185579762
38.829964507239254,-77.36707516531573
38.82234992957181,-77.31011188751273
38.90166127088823,-77.3298164592159
38.84636221264948,-77.28852020234658
38.80599211184151,-77.31230226023933
38.80854466158889,-77.28367751437477
38.85961386897923,-77.327226438556
38.791267951349425,-77.30907724562064
38.85497280189648,-77.28752836629998
38.883203074942244,-77.30631161416805
38.87363784962786,-77.26778131775423
38.899321824027886,-77.3035412819428
38.85061627472787,-77.28567777705294
38.80058992673351,-77.2204453664099
38.843855607276424,-77.30409163441209
38.84662410233635,-77.3055212377087
38.82895271544306,-77.276681785169
38.8487861357781,-77.3007053210902
38.90509463530849,-77.2685144035511
38.913907877298286,-77.29623427693203
38.80140493467541,-77.3011262974774
38.84468413268278,-77.30707767653105
38.82414532594748,-77.34190959008384
38.840305470711726,-77.32369647723982
38.759547934655366,-77.29524392567312
38.857137582208324,-77.31612157420213
38.848384693293596,-77.40902953137699
38.86719028937894,-77.32791511745901
38.86212171725483,-77.31713632104487
38.84136235633892,-77.28495774464187
38.8907482728834,-77.24019455276363
38.84948450916895,-77.2845909766969
38.849402291700066,-77.3577036274072
38.79277059761591,-77.3635307452256
38.93258824085184,-77.29422071119798
38.8127420936208,-77.29230050094051
38.8356084534907,-77.29342274147494
38.83186849297481,-77.37309343046621
38.889558298693814,-77.29957180509635
38.83294801518652,-77.27229636925874
38.83241409860909,-77.21947065452268
38.84160970877671,-77.39368874223
38.82550155837878,-77.2952956373459
38.893224475419494,-77.30024384758337
38.85335011036108,-77.2752662896485
38.86093270070863,-77.28155995144412
38.841428316875884,-77.33943252324423
38.81739419165774,-77.40881617802735
38.87520316793643,-77.35183289253173
38.93126643684156,-77.28955738744308
38.814909647885244,-77.29499606432556
38.89549851627711,-77.33727494167752
38.8107951972342,-77.27748042626995
38.8468109683688,-77.31918370911735
38.84577361522759,-77.22077641075573
38.81398830586746,-77.28549168236664
38.77466410670295,-77.33930055972756
38.83625255178467,-77.3294493310114
38.880954542669,-77.33491427090865
38.82118383894186,-77.34320393835995
38.85339854108956,-77.30113494441588
38.83913292797118,-77.3660809252783
38.86511368352641,-77.33502848272485
38.84477913568549,-77.31552969774967
38.856924198056845,-77.31927022975599
38.841047353670504,-77.32228534654345
38.850798160527695,-77.30008796130195
38.83098197221362,-77.2708731408882
38.80296880998947,-77.24916099322617
38.84048871677462,-77.29661327892518
38.833786597680735,-77.29325664914424
38.86516880623889,-77.30837158505837
38.85137372248287,-77.33450244715489
38.82075438507566,-77.35271708719877
38.91170360785331,-77.25945582318273
38.86972402491481,-77.27957476524843
38.84754021368167,-77.4180476410888
38.84997422632864,-77.38781791523694
38.83170265555684,-77.39307704989609
38.82694492318566,-77.3451941899294
38.85204171483255,-77.34564603966825
38.90439262362006,-77.38011052304397
38.873428807592425,-77.23293819225499
38.79617470638437,-77.27584586938318
38.9197481183919,-77.30620464216096
38.90273703178741,-77.38648200814738
38.85828062211518,-77.28570490970795
38.920023479433304,-77.32359605886116
38.836590252565955,-77.26957988351279
38.88238567847094,-77.31199700154198
38.84827716691695,-77.31649918501053
38.86653665075305,-77.39119085573377
38.88223533301485,-77.28496298915533
38.927353313519376,-77.31740979243204
38.861985871312996,-77.30690165065793
38.83565260051043,-77.3106097540638
38.8474947510535,-77.31222950349762
38.91285452706313,-77.26125191173739
38.80514616806127,-77.20862539199244
38.805469864962845,-77.37832545408948
38.84300284131015,-77.33932589157806
38.81647513790706,-77.31046399848914
38.82289007729717,-77.29955388183998
38.841424352823324,-77.34969115511491
38.846817576382804,-77.3080966908783
38.83886536333857,-77.20989965494422
38.81733433872843,-77.28128049569672
38.842780432735786,-77.27411970227685
38.85794198285693,-77.30779020529519
38.91016011975074,-77.23555062283117
38.86964133142346,-77.28405179628092
38.835493097846545,-77.3166702122099
38.89578344929422,-77.34589075773815
38.86374702085448,-77.34141589453009
38.79532897645066,-77.23276888702537
38.81853887098787,-77.30581061760999
38.838481680739996,-77.32183191886534
38.76533571090712,-77.32602806003433
38.82107274680951,-77.30418645827434
38.771368559449996,-77.31949289265849
38.819917271301506,-77.35940397813805
38.82766567653406,-77.24717747830614
38.844362072970775,-77.29314913447158
38.783668677036914,-77.30626473087197
38.93107579992349,-77.30459974126265
38.84413203015386,-77.27002266171822
38.8134540051083,-77.33497575968177
38.818596008556,-77.32120862823885
38.852449887203896,-77.3050369727439
38.84859872107579,-77.34635751104983
38.82368556175981,-77.28288307618632
38.7747454878554,-77.37320855510298
38.84954234765756,-77.3105495965721
38.84903781703419,-77.32786940723093
38.84722613084873,-77.32750553044691
38.88670165845128,-77.40353821862588
38.84727342184083,-77.33967905488387
38.81886285266577,-77.3141563374331
38.80567233215958,-77.3403227263643
38.82686983257474,-77.28880870771088
38.85923139942083,-77.25698989989155
38.855687283499975,-77.28471898258302
38.85732860998759,-77.38152048568502
38.89527124131023,-77.40228709668311
38.808383498673734,-77.23133427072042
38.92176242248434,-77.32911265231063
38.84370985154018,-77.30914553852577
38.82370923833743,-77.40291500435738
38.847867950889814,-77.31486715530163
38.874812401669175,-77.34762103697186
38.838323725047886,-77.34499679430341
38.78786415987588,-77.28585294742217
38.849882887857504,-77.2463339239191
38.82596113306806,-77.22688935990585
38.83235040766568,-77.3810252835833
38.799953164903556,-77.23891656479383
38.82133189444826,-77.39217084113264
38.800567652225986,-77.21404488352485
38.818448277027436,-77.27821210423046
38.8594967868757,-77.25727720495726
38.84490797668558,-77.30592143762316
38.84430823482827,-77.33936920257037
38.8803149649259,-77.30723079505948
38.87586425248838,-77.29456674082232
38.807618241035236,-77.26070147918101
38.87287286992722,-77.28119115780852
38.90697735962166,-77.36846781662614
38.91095501388008,-77.34007496422738
38.84412940351807,-77.3153365339118
38.830209083473186,-77.29868607493505
38.84988823339447,-77.33928947809117
38.80341925133411,-77.3844084889896
38.8397335284076,-77.28928573762208
38.776008640819775,-77.31016272317561
38.799814997775385,-77.26165238278692
38.88276415565362,-77.37997371625355
38.830300052590225,-77.29867025637922
38.847012502748775,-77.30725091985416
38.82859552032608,-77.2390409731826
38.821099161807695,-77.33193296415557
38.823900070195684,-77.25600970109396
38.84320557765414,-77.30561112754404
38.87067637809462,-77.2716695139632
38.812876647397864,-77.40920713862484
38.87887257976702,-77.33975873593776
38.8471402873741,-77.30557720549096
38.80984103986377,-77.31941658775375
38.84500195502434,-77.30154731736424
38.87460985017874,-77.20861663907006
38.828758450176586,-77.24463336349426
38.8498042751365,-77.25298411824932
38.827746792676116,-77.27565869595976
38.81606781105404,-77.26717927409679
38.87116787043948,-77.34725281227819
38.83319717638205,-77.31594257516937
38.82379365506919,-77.27515457301244
38.83278820818052,-77.27895563241684
38.92357270980275,-77.34673082132738
38.806374767078374,-77.30993649317921
38.83493530469054,-77.30588913373916
38.84170971087448,-77.26808836848915
38.84862602082313,-77.30000290259954
38.92159048974099,-77.34531041821819
38.82984499993208,-77.32625333498623
38.811230933277,-77.23593370561507
38.82664485889832,-77.29399592232788
38.78561158697787,-77.2619435049091
38.77556690056913,-77.37212291085399
38.81175401626914,-77.29760643921828
38.844730717909975,-77.30943592632788
38.791352290622854,-77.23559727387487
38.89510874913994,-77.22077983349314
38.76381731890774,-77.2652409290457
38.8769844299927,-77.25823986514948
38.8182327685145,-77.29661750798509
38.80670026691493,-77.34267736174236
38.89764785040699,-77.28978038143283
38.84429230142363,-77.30778343920615
38.845403326950255,-77.21999059405033
38.843634437271014,-77.32384916407297
38.832039555139445,-77.28890803666854
38.826011370389374,-77.24444885307513
38.83896456979249,-77.30754760558864
38.84732779375213,-77.30545552754793
38.87253632715879,-77.33931878069022
38.855552670544576,-77.4205852834345
38.844395128320905,-77.31450611363293
38.78172302398716,-77.24568256927665
38.82950942722859,-77.3938705767998
38.81628428894407,-77.25133184281731
38.88464895590143,-77.40939874019855
38.8908861634155,-77.37794933080977
38.812432364737866,-77.20732202407869
38.90547543675483,-77.37750115607113
38.85371393757864,-77.37607039135128
38.795396897148045,-77.2346245264337
38.857423553140606,-77.32936446537698
38.83168730241276,-77.24915238973695
38.788391671588776,-77.22398472661192
38.827923180562706,-77.19868868489867
38.81643717207409,-77.22766251514038
38.830331315395426,-77.33999186995929
38.86726429450175,-77.28915303467232
38.84504470007286,-77.3335273879929
38.852589897118165,-77.31090979187427
38.83169284507528,-77.31211716333355
38.82142625374658,-77.34375639231395
38.8435018057861,-77.30173178038947
38.79901888413449,-77.33531904133609
38.85310322804138,-77.24746840328501
38.82770491173931,-77.37773838988312
38.88873325522096,-77.26288876727928
38.88192651088707,-77.31305717434081
38.87226897175122,-77.35721986338112
38.87980896592639,-77.25600205729539
38.75633943078604,-77.2942563391997
38.820178069082594,-77.39146491367536
38.8233028268245,-77.35419719091483
38.819340248981355,-77.36955933400012
38.84390659749695,-77.33710756175388
38.856579390142656,-77.33940202577122
38.78192465401096,-77.25949028480419
38.81794471571627,-77.38941695088818
38.76406220444179,-77.28936881625674
38.892686138852426,-77.3278302187653
38.82635658804923,-77.40132427238235
38.791132116391175,-77.2912875796923
38.801604180746764,-77.27144278531244
38.862972879726634,-77.22181728631601
38.835409818103464,-77.2311530886023
38.8086273752736,-77.33819494123426
38.7637447440674,-77.30806499105691
38.88026620746051,-77.2123892667851
38.84637023107885,-77.31481015311172
38.85777571104692,-77.3517659960492
38.81438945570025,-77.34295865824596
38.841260941954715,-77.37241779170706
38.84391300867787,-77.30239175617857
38.79952305813278,-77.32249246999027
38.88269632734022,-77.37872031955635
38.84344741469117,-77.37218365342399
38.798310909564734,-77.30628761799747
38.8134908041447,-77.3967253482814
38.84099599870143,-77.26445292653077
38.887460725494556,-77.34486701162913
38.849422468244285,-77.30843707774125
38.92069107329053,-77.24874511698123
38.84464518192837,-77.30643580476325
38.84034394678279,-77.23609513615034
38.76480746387367,-77.30828472159877
38.820793159182216,-77.32942029129627
38.847936254291774,-77.32535060931588
38.90911370120992,-77.27678985303893
38.85338118110743,-77.30157088750711
38.81750309771537,-77.21318590652146
38.83055328426546,-77.34389692842839
38.80674165366933,-77.35810707917815
38.841005776704925,-77.31766913087623
38.84561810823012,-77.31431735904754
38.83912743951094,-77.25081214329965
38.8543637301292,-77.31230033259747
38.75800218915023,-77.28747384535835
38.84776588893142,-77.28226159791133
38.81593083599473,-77.35606480741725
38.849425884861006,-77.26285900179377
38.824915035399904,-77.26848382384891
38.85539215292855,-77.37963521450204
38.8298547555918,-77.3411838150419
38.84136839892174,-77.24815487069456
38.82469072818004,-77.36787752825447
38.882825453578796,-77.27321010649894
38.89545505042255,-77.39113622825468
38.869176153476765,-77.26622606066152
38.80937748368722,-77.22658682659498
38.84966946051676,-77.31903703905189
38.91058209335168,-77.24541032339904
38.839687773331256,-77.28409933908068
38.860143964504445,-77.33722728660038
38.843875188561476,-77.26969112887744
38.85726859811199,-77.30259997198337
38.82206947424351,-77.28501141475265
38.83887555519155,-77.2616752625417
38.844260482536534,-77.30501505061626
38.84239985633206,-77.3076477911177
38.86621720176739,-77.37171096553158
38.867122584004775,-77.33944849722555
38.90388227048896,-77.2367056271523
38.844778663113374,-77.31083019992936
38.77680022370439,-77.35891452891512
38.87453368274484,-77.33036758025366
38.80464267953213,-77.40281058243772
38.809952275818844,-77.40137581277229
38.8530878081611,-77.34012240072971
38.83713552141014,-77.32299079281117
38.77882827622965,-77.36952637163247
38.84425364761652,-77.30620756841785
38.83485837716972,-77.3700303026507
38.92317582130928,-77.3333908620701
38.832306919072145,-77.3084899305856
38.86418277524417,-77.30630862343915
38.82725901321848,-77.2952878096677
38.83492104175712,-77.36454062929097
38.81950457180006,-77.2614805411228
38.87417688788518,-77.28671133717258
38.78261785707844,-77.29625748575401
38.85155683760787,-77.30207336477595
38.773240380947534,-77.3381411982547
38.89239528081493,-77.27083329139242
38.91330446580827,-77.29505524374235
38.84003746575863,-77.34883227601911
38.85817481482188,-77.41709908428744
38.75938354881994,-77.29315494171175
38.8835594065746,-77.27753170151779
38.87634056172271,-77.29535768271595
38.8710271621988,-77.26102960257468
38.854508072267585,-77.30571132806944
38.89129907862552,-77.35399628305788
38.77753358945808,-77.25966137327164
38.80536992835709,-77.27599594013802
38.839847035464686,-77.27563125444364
38.84132857210898,-77.31144326445732
38.8135168912215,-77.41423603936262
38.84132482416217,-77.31430726431114
38.76470881640296,-77.33019150239473
38.86135936012018,-77.32220100532156
38.86828268254511,-77.20035096818043
38.82242471646511,-77.22998970724451
38.853878338434654,-77.28809106663142
38.83373799380751,-77.30331164251527
38.807972179461466,-77.22363991475943
38.82283334971614,-77.36905370803238
38.869567855059394,-77.27216811278214
38.819507589070426,-77.38512636559487
38.88776466746576,-77.22738448058915
38.84012550108482,-77.2791741144774
38.840606561199394,-77.33975063609019
38.87037799065911,-77.25436910969954
38.861277060993025,-77.38049625380336
38.84431077285687,-77.30480954241534
38.86939448601411,-77.3278816482483
38.862752443897236,-77.28460428253905
38.886861943376026,-77.40162583463973
38.82422728366455,-77.3469115710301
38.848625913813656,-77.30311670727141
38.798935364642915,-77.2215697759839
38.861669301750666,-77.27073262579664
38.882555529535395,-77.39538382679734
38.922568418283234,-77.3047537338206
38.86466873098663,-77.22691536901104
38.84203387437586,-77.2373154983516
38.83696757466074,-77.33708397101996
38.81206914363974,-77.21497077977939
38.9053003274957,-77.31824683365559
38.87901601075505,-77.23277365006979
38.80882327184359,-77.29577910174395
38.8694716718607,-77.3121357375723
38.86155366737248,-77.34403926839428
38.845591887081994,-77.3075015677781
38.90721391978755,-77.38252981535467
38.8231167089788,-77.25286902982202
38.86693558768027,-77.35850016038754
38.8245394683207,-77.26182476750968
38.77972683314077,-77.24386818184638
38.838382383645104,-77.39089744479439
38.833790784954736,-77.32574099616258
38.813964012395886,-77.39445742783593
38.836180449567664,-77.30261711241474
38.86868650365298,-77.32886047192687
38.8668038388244,-77.2973740572897
38.79579480828553,-77.25138589241351
38.826178036793756,-77.31918485001947
38.847130266445404,-77.32282305577633
38.77050367199119,-77.33543821301943
38.88939164869979,-77.3988592840891
38.82324375353942,-77.27735435944741
38.84720029412221,-77.30496553553765
38.84490279430168,-77.3052141046654
38.89574809022376,-77.3520066380829
38.8291337834692,-77.27458269836092
38.817253504708766,-77.31579591360669
38.83112163671416,-77.31530789929522
38.846434185292935,-77.31277939322234
38.84542719623441,-77.3086525233597
38.87500045752072,-77.34177288508151
38.892076708639095,-77.2275759579114
38.852216697688384,-77.37333717247401
38.84344090448357,-77.3034637927538
38.89024390051562,-77.3633705566437
38.816254589393374,-77.36130549525485
38.839587424538344,-77.26305360785605
38.800172129723606,-77.26278242320947
38.83882733148411,-77.3029369597227
38.84968114391396,-77.30433985503119
38.84075161494766,-77.31859439068478
38.83936508676298,-77.30791150984237
38.880984346187354,-77.24949161446123
38.8479331265224,-77.31991706319262
38.804636985725345,-77.36944779883576
38.89564914533452,-77.25007387052642
38.844369031526206,-77.20020685052745
38.817111079400526,-77.31372863471974
38.88703356129424,-77.22818906868555
38.882538522782184,-77.22200976768718
38.83026626479845,-77.40641117841437
38.849892234408124,-77.31329033430507
38.89399128956181,-77.23394565939665
38.90006985874712,-77.25245904284014
38.8449768844062,-77.307615946692
38.83003961265754,-77.30581252214648
38.84036722614845,-77.30130888193658
38.846841566419215,-77.27461294950355
38.77306705356466,-77.30524368623433
38.87688502224213,-77.37605940584467
38.837602498916624,-77.27411738952112
38.81689699263728,-77.28937265901013
38.82878798198842,-77.24496685340482
38.88908873138909,-77.32975687313399
38.894440831003784,-77.28124814199475
38.85946198457998,-77.27696246950634
38.85450843715395,-77.30911018817764
38.92750643347619,-77.29908640985857
38.84553862187308,-77.38202254665728
38.7760644635995,-77.33656148217504
38.78910271605719,-77.33524916515468
38.83897744141289,-77.2972650124242
38.91536562043119,-77.29957912279832
38.85539515838948,-77.30891297627464
38.774472641589135,-77.2827072683378
38.85616187210821,-77.2783677440294
38.84222589795999,-77.3564176239949
38.83188506404868,-77.39394957374402
38.855428823507715,-77.3663710323213
38.85210106070708,-77.38963878309256
38.797144661821406,-77.25677323003035
38.820280919444585,-77.33476850750199
38.90470631327607,-77.3697485936326
38.83097691469931,-77.29031381292867
38.863584565352554,-77.36625228728711
38.7700498401199,-77.31744536734672
38.81081627982945,-77.3244532734524
38.82936781754973,-77.29739067640602
38.83582989206002,-77.39878945321786
38.8695557742745,-77.32003056453311
38.892199102087034,-77.34420590072718
38.844769714093516,-77.3070784232142
38.84625512831159,-77.3135060501998
38.835313002912535,-77.3000253036168
38.850876125236596,-77.33018235604371
38.79168222237255,-77.34034837971733
38.78990321090192,-77.32053812842263
38.84445405472061,-77.29329306984148
38.93109942780291,-77.29606452610292
38.82756233473411,-77.3359042424197
38.870875682439625,-77.25108432688057
38.863707417882445,-77.32896720390485
38.93343537560019,-77.29927788719998
38.81170250526054,-77.38859554963695
38.90478030234968,-77.36286873329715
38.79956840120906,-77.39028071165019
38.79247677760071,-77.24237639637471
38.82039273090693,-77.2038706367283
38.79392357351453,-77.3244955725442
38.88677213780274,-77.2453214941345
38.87210278997892,-77.28383699846316
38.85011758784602,-77.31573874916633
38.79435637756721,-77.35735093246417
38.78098132566578,-77.27053835467822
38.87684975483272,-77.25395765198917
38.81752032401508,-77.31130571896055
38.83970184291918,-77.29136350665684
38.78764976636191,-77.32755149991613
38.79647117194297,-77.23903103982364
38.84591846617447,-77.30686147248015
38.85453907979592,-77.35075891348569
38.83903572332931,-77.28957172998079
38.784355111342705,-77.32464802992217
38.82928303211711,-77.32225293906512
38.84499639355581,-77.31358486999423
38.869455062570836,-77.34409619458967
38.81528413552991,-77.39726566561892
38.825253870497754,-77.31649726737363
38.853862745720555,-77.32114070178007
38.81366248883444,-77.20429364334466
38.79408435407038,-77.3772746254912
38.82911049111202,-77.26105750829026
38.83904805478201,-77.3214730910163
38.86627962274221,-77.38807450056815
38.85413169068473,-77.3109409015523
38.87412372439459,-77.38551068440474
38.79104141924353,-77.33465630227677
38.83152821287113,-77.28337321533661
38.81861928090304,-77.3113575776992
38.836841889751824,-77.30687377050548
38.85927104431391,-77.30892783673526
38.83974691251455,-77.30297745453375
38.85873371863282,-77.30055144071042
38.85042259800429,-77.31857349731689
38.84675872486859,-77.3084841687146
38.77187228769147,-77.33205520608385
38.86853493824489,-77.22441417220696
38.80113222195301,-77.31139267987389
38.81153363704005,-77.21467859085307
38.7811967975152,-77.27563609034227
38.90305455657688,-77.2986489392923
38.85457841698783,-77.40987555235564
38.84206543969721,-77.30445498896226
38.845031470497034,-77.24451390890685
38.87025441645934,-77.2669933434343
38.79167747581685,-77.31384825208075
38.80231225841234,-77.21783139534548
38.83572179857383,-77.26218217821082
38.83567277131347,-77.30085075024175
38.81395847748088,-77.27573981415802
38.84175402047902,-77.39277164153955
38.821463775529345,-77.22193382131579
38.75767624700666,-77.31913269640934
38.81069944577087,-77.38769015411981
38.86116841551798,-77.19914285437673
38.82689800924626,-77.28681323277465
38.907125718775156,-77.27354519940701
38.873817525970914,-77.35364548668569
38.82790605973477,-77.31310799952317
38.86025346651988,-77.3032853081008
38.87678662714217,-77.31233318945527
38.867096606066355,-77.29558609110042
38.84926204247091,-77.33870863878704
38.85797169215198,-77.2974297510181
38.810113145167264,-77.28996351418603
38.8001672538361,-77.31666409628573
38.82010749947978,-77.30551233632693
38.78749567343281,-77.38619693169605
38.81353420282888,-77.27272827258514
38.840176705592135,-77.2665759498735
38.829878802264744,-77.20911929884745
38.90814800954797,-77.30508379314185
38.77222461964506,-77.33962049210679
38.92479549754317,-77.31455832799206
38.847166844756515,-77.29965799266854
38.81562388931694,-77.20186367230242
38.82822486345493,-77.20224588962844
38.85075135672585,-77.42032078448767
38.77384934539321,-77.32502531849804
38.81030176932512,-77.26045496927811
38.850182230547105,-77.22642870205924
38.82306824027475,-77.31308033850036
38.83274291375091,-77.31609714463609
38.865769269553574,-77.31540819915698
38.91063619160613,-77.33967737601714
38.846037412029375,-77.30601796902174
38.79730024890369,-77.38981484650854
38.7881285979023,-77.37904999501785
38.824179243662144,-77.37597343291355
38.85294304464838,-77.28804589352627
38.86922647328307,-77.27342261051241
38.86850966933974,-77.29315548585978
38.843722707222696,-77.24537604267135
38.88049334158772,-77.29134079336752
38.78419149471103,-77.23221964950929
38.83202351679614,-77.22731858617553
38.84227241071979,-77.28420500991717
38.88999189605244,-77.3118658739915
38.83238801025283,-77.30903204197871
38.89876449738885,-77.3582511142067
38.81358545028465,-77.26373141243317
38.811437183282514,-77.3172819060044
38.84267515451851,-77.33660391898492
38.847705114498794,-77.30902683786644
38.85016397153202,-77.37306846048527
38.85412823883907,-77.2112932380351
38.85519517842647,-77.36074386707013
38.860070182190235,-77.31356254803087
38.813478135543605,-77.35435246545276
38.81979902753463,-77.2881770872177
38.8617906309905,-77.32165184971396
38.80754777488735,-77.33217032872368
38.81924585332443,-77.3046092023822
38.887566734469964,-77.2132912029363
38.823094837796226,-77.33306381454476
38.89150882411247,-77.30509536273344
38.85771657848567,-77.30151043283132
38.846776773727015,-77.31301028517278
38.847454641845886,-77.2349224338995
38.841299087181405,-77.30236230887998
38.820143233802845,-77.30550043742123
38.85258910508767,-77.21868018731462
38.847832043830216,-77.30342812382301
38.82709858307002,-77.25704776300127
38.81467884924853,-77.30168289906304
38.86334120419929,-77.30668039707604
38.91243664943942,-77.24168205503113
38.83862607338764,-77.2595943824911
38.767912428783475,-77.34080642206824
38.84827302022682,-77.26836256943555
38.81672627739527,-77.22386363422618
38.826233336343755,-77.31232163279398
38.85443870198119,-77.30772381190887
38.84523164154388,-77.30397268954752
38.78935218873489,-77.32659726752695
38.783227223929664,-77.35130686607735
38.7846011325899,-77.24217665285131
38.85240416033394,-77.37763212282523
38.77585053874956,-77.31008448245686
38.90055523186861,-77.39258897850301
38.85798840519227,-77.25627779947399
38.837890494819305,-77.32511073638462
38.852271589740944,-77.32373920322736
38.829711423589316,-77.31952333811682
38.847128894992096,-77.30913680015014
38.82883267721345,-77.31851292013218
38.881219988379,-77.40756896362164
38.84996786887181,-77.29733971476736
38.90492116776288,-77.2953653357134
38.78437434129436,-77.2696540178412
38.795414119255696,-77.28562621896114
38.80062533630295,-77.38192023874706
38.834627665507035,-77.28845287629136
38.857882983658214,-77.30451775623412
38.80972875324546,-77.28806410981785
38.846887548226285,-77.30571726403959
38.85691639615553,-77.30218203911022
38.82227102464957,-77.27150040276413
38.785647336944656,-77.34812457408361
38.89786216101586,-77.37120327393622
38.80443708969008,-77.40385293919084
38.8952335571711,-77.34219274733907
38.89081613161121,-77.32147366464174
38.777587810507285,-77.25845074283956
38.77567913325994,-77.27444811160387
38.827150018325625,-77.33025003163249
38.86626472243661,-77.24019394949914
38.87167920612499,-77.28519618076623
38.85454545704081,-77.26189473668666
38.86361302631095,-77.26145834395248
38.87605559752917,-77.39861429754869
38.818971431281156,-77.3753843437873
38.8444076565875,-77.30684754009889
38.80216787366327,-77.29195244917535
38.8439441702766,-77.36568423479832
38.86704486968964,-77.33794497950781
38.862472435839344,-77.36856951652605
38.808703397921356,-77.31207690531525
38.77394673703184,-77.36758460554829
38.84075634339989,-77.28775861225706
38.88742547764995,-77.32164572686408
38.86993887235234,-77.33189353459379
38.79419893970311,-77.34742343334611
38.835702080851604,-77.30029986483662
38.86364269334563,-77.34210885309425
38.857192206559,-77.33719156268009
38.84511258024794,-77.20686472403507
38.84543598700951,-77.29815069544975
38.846554251913105,-77.33099257192447
38.86136379176836,-77.38769902515966
38.79893664844582,-77.2743154605176
38.82545284879461,-77.368168793213
38.887854921886145,-77.40597710258156
38.84526052798714,-77.32594754393382
38.88838664063041,-77.37502752579513
38.88403465700924,-77.33138852927148
38.93083808249359,-77.29648282167788
38.85781715670372,-77.31516412226512
38.85380745537715,-77.30975736978084
38.857376908131485,-77.31939297066623
38.76966864999693,-77.2692973633445
38.772299344181896,-77.33010487975369
38.88692938966456,-77.32872392741962
38.82993752019367,-77.31932026831446
38.84515279717236,-77.30634660486089
38.85698895353953,-77.19612852885722
38.83887703446546,-77.25117512078081
38.85428376881049,-77.34555765574837
38.89130421222825,-77.31525671840114
38.839086947852756,-77.2565380514878
38.88387148760374,-77.32140947355643
38.839207073268014,-77.32415886017421
38.83360396938153,-77.31668476974323
38.852022365231775,-77.32155228629912
38.86586307807786,-77.26582608839577
38.86309720104121,-77.20172926129493
38.801412033703365,-77.3690108419342
38.87872407584411,-77.31498678616163
38.83043161998784,-77.29670747973007
38.78018906697036,-77.36697968902973
38.878027293733666,-77.39578478595578
38.79530370277876,-77.36885423454929
38.78704798739608,-77.30536042142228
38.91939038179622,-77.30643169189625
38.81790918846252,-77.23105001196545
38.771749376631455,-77.28356827659186
38.84495347992265,-77.30702935972373
38.77408273465392,-77.28976448059744
38.88401455004442,-77.2715513655253
38.83760926928829,-77.2974831050302
38.857070495840865,-77.27385358177959
38.791460938,-77.29968580863135
38.84258209458245,-77.26652213065238
38.84805495827226,-77.25833500347046
38.88373474375549,-77.29192935524364
38.924962213187406,-77.32463735739985
38.83963191140109,-77.30371644474928
38.906817198054995,-77.22354427964125
38.87683778945944,-77.38759845021751
38.88538692089299,-77.27617300684766
38.83496831697575,-77.3633620516518
38.905681168831414,-77.2350218089782
38.84460100287007,-77.30924191863774
38.82252644536689,-77.23308190379548
38.78256313520122,-77.33778247549468
38.79257126662319,-77.31677792322475
38.79269065863585,-77.31216544170262
38.7883779220544,-77.3561107872954
38.79900046350712,-77.25994686045266
38.78808051352363,-77.30044912206395
38.89839421845625,-77.34808996237436
38.79230699541,-77.34643304782848
38.835553673892,-77.34956871756927
38.85774542150661,-77.30848591265894
38.83485047008532,-77.28887453196825
38.87157728466249,-77.33935663746092
38.84478470348727,-77.30896600675078
38.836952478382536,-77.32727153829333
38.80020151035152,-77.32190373261331
38.84450099492351,-77.304480840127
38.89418725435582,-77.37786383226316
38.79363911478818,-77.34876797548382
38.81350372276914,-77.33847876229987
38.80422664187547,-77.36995809340064
38.88041191950554,-77.32341954302312
38.84659024843948,-77.34089381331447
38.85074014504219,-77.29354905387656
38.87294064334587,-77.29285544333759
38.845763021513356,-77.33236993308627
38.80137296185722,-77.31852892302155
38.89024340035626,-77.27714380774901
38.91399341614166,-77.37045096473821
38.88372109749193,-77.2508745439581
38.833013288153666,-77.3982772544199
38.848028059087,-77.24552908032253
38.84984326014855,-77.36798169770397
38.85821275614064,-77.38804949539515
38.87140502050526,-77.28272157905103
38.83738387811299,-77.25175126157706
38.84673169300605,-77.24468359269159
38.89914565834936,-77.29436433485529
38.84420657394888,-77.32146369409023
38.8454388435742,-77.30571812271741
38.830478717547784,-77.24879736302252
38.90854500131046,-77.23679264401396
38.88391497908741,-77.38975987286608
38.92947405739736,-77.30873277350268
38.88481157880615,-77.27156376191596
38.8665775584986,-77.27014283294811
38.773650243076546,-77.31969261714974
38.807138105610235,-77.32424007048736
38.84083049715654,-77.32361918918352
38.86586352876138,-77.20385633843527
38.8154500648296,-77.3321054560545
38.90153564976671,-77.31304354936853
38.84629955134765,-77.30498262728628
38.84454830318214,-77.30544928292838
38.865983147302984,-77.31430455552518
38.870287358379926,-77.23945794848923
38.8520923983932,-77.37692891981678
38.85285616883538,-77.31302541954126
38.84169530108427,-77.30673261903756
38.85098448206282,-77.30234091421798
38.81601194193105,-77.28865361258813
38.86302961255758,-77.40957269772781
38.81219893729855,-77.33417038790209
38.91241092466357,-77.23795810356866
38.84535139091097,-77.3086965276602
38.84499478496748,-77.3241866775055
38.84246480825541,-77.30109084262452
38.82627261066594,-77.22942305806586
38.79959828055113,-77.30136291899701
38.80321541615511,-77.40210770037375
38.900316217239485,-77.32657595936266
38.836231803370275,-77.2942330674261
38.83296833880377,-77.3168566735086
38.831673618935525,-77.39953806990916
38.83284752528584,-77.41400899394243
38.85692628585543,-77.20771735901687
38.89877165031983,-77.30792059568293
38.925981980316166,-77.32406563684448
38.80764739453278,-77.3107755902841
38.800447128301585,-77.32905014810949
38.87857327319097,-77.35511349831539
38.795569212115325,-77.26870609719244
38.850701294955144,-77.29283920705561
38.81230099412755,-77.38102831947151
38.80442380929688,-77.39629854072876
38.78613850149187,-77.35241629218895
38.91662211925964,-77.3396888679301
38.85137469327434,-77.30094533557245
38.89210560332594,-77.226566477416
38.85871349761873,-77.29726898630962
38.80665686976796,-77.2608999960035
38.906118870730644,-77.28217349829964
38.9060651966232,-77.23774444138476
38.788321262659686,-77.25681563964072
38.87067545633894,-77.28569437077117
38.82073402817381,-77.36483315730177
38.841729637828415,-77.30451231324719
38.85785358381265,-77.40754589860528
38.82810622119182,-77.27366274781521
38.81193605656614,-77.2875863601234
38.84859618253475,-77.31503778888627
38.78345608173104,-77.31865512282987
38.86403085787708,-77.25720767631681
38.80918159896464,-77.35571378753524
38.842912186581685,-77.41636860542584
38.835999529195746,-77.32569872148524
38.85206187099176,-77.37408031334249
38.85459246502629,-77.22535797572196
38.929119588186005,-77.29093198231149
38.81920169601886,-77.32863453928404
38.80596700304204,-77.2395044196237
38.867295079235916,-77.22422793759024
38.7887593657898,-77.32169862250153
38.8451969898707,-77.30782825620669
38.793291345683144,-77.24964828905183
38.84771071669742,-77.26575112640174
38.76578015996122,-77.29198507234013
38.9090808294474,-77.28435370738998
38.861625239474854,-77.22172902847969
38.824603867585466,-77.35258252899025
38.79976664397884,-77.36957404401167
38.84317007221716,-77.31132600394204
38.83860638065512,-77.30684669177886
38.84615498501971,-77.28336433432742
38.83734248595499,-77.32938326947935
38.78251480161593,-77.37380573537786
38.84614126306136,-77.30706782214824
38.82487103566756,-77.23358464222757
38.85577689458911,-77.39022336635149
38.82096628476976,-77.30372991970935
38.76912471843087,-77.30147113781246
38.78451140208973,-77.2885876655062
38.839542140051456,-77.32006428588096
38.90570361987777,-77.28905379710683
38.86598238750374,-77.2992067910878
38.81102886055903,-77.29089376899286
38.85624261429206,-77.32393495274052
38.859959561202054,-77.37327182867942
38.90249318225699,-77.25476757645048
38.826899369578115,-77.39690209717163
38.8159254251492,-77.40172131816182
38.84988931253312,-77.22725958545777
38.83017533605452,-77.34974498086856
38.84950232788694,-77.31024297934214
38.805159285683544,-77.39776423788709
38.88032701561508,-77.30841087896798
38.857473194736,-77.28522877888072
38.859290906747965,-77.36788335847703
38.849326874460345,-77.3204346556576
38.83216534681254,-77.31087017950185
38.81351403960328,-77.2256403801118
38.86353451680338,-77.3092140547699
38.80400338363297,-77.29517996387384
38.86972471920369,-77.40824491507745
38.920322204200275,-77.28636721736314
38.865980086477734,-77.21111141430276
38.89025590658829,-77.28438204824548
38.90790280244762,-77.34651960647228
38.91120850697556,-77.32000605180917
38.84495492385191,-77.29351402403074
38.78738879322876,-77.24688757997701
38.88558312341177,-77.33887895201784
38.85089966043242,-77.31683548458614
38.849477901957655,-77.31493038729215
38.83134890787288,-77.35880035272467
38.85803255690465,-77.19613229742822
38.84855443444095,-77.3291099022692
38.79895361951353,-77.31727542127346
38.84097822120049,-77.31918653838535
38.85141367490063,-77.29429684180127
38.84008855803715,-77.26637276564482
38.86985866680038,-77.26990689154091
38.81298052038509,-77.30982143039815
38.83712772554346,-77.30275062001765
38.889714433805636,-77.26461203900527
38.919457610823045,-77.3117785132131
38.8424835738665,-77.41144546042074
38.84613486911731,-77.30537806144613
38.810963827211324,-77.24695428523046
38.79260081725431,-77.21743782909058
38.829389906198315,-77.27352931622113
38.878871001706905,-77.3332951252171
38.85596660052106,-77.31560944075036
38.82744597370767,-77.27240276039795
38.865863053907404,-77.24309995304853
38.79701579341725,-77.3186001459128
38.914148709346804,-77.24843731974703
38.79562535626408,-77.34851954215577
38.908990397798846,-77.24246402832327
38.77303665694049,-77.33223456059436
38.81604813980223,-77.38701169158351
38.7621908755544,-77.29097182304298
38.891209260554206,-77.27410560787416
38.87141727815972,-77.31062833458492
38.83915592925829,-77.30202326037698
38.77809679151976,-77.35424702780952
38.798304854610926,-77.33707102905268
38.81912355335148,-77.29018804615026
38.83852760801266,-77.29969795638765
38.855654304922034,-77.25280637546993
38.83963233603932,-77.28292410412467
38.84810791653212,-77.29191375886256
38.82887280047764,-77.28125241755356
38.85915359998048,-77.28700321923618
38.82653688029238,-77.32468665249041
38.836383973009156,-77.27142682341744
38.881664280925044,-77.27504729346501
38.8635671461593,-77.21610338478153
38.90693149884862,-77.26864030856966
38.82819708606965,-77.30742558161104
38.845420909915134,-77.29460188807079
38.88799042639151,-77.37254664107739
38.85009489062408,-77.41259349433895
38.77656968323311,-77.28988206305084
38.82923973122179,-77.41912107993325
38.83063021678421,-77.30420170238476
38.82578614437778,-77.27883504765146
38.83963408482531,-77.27536485711981
38.884976290897626,-77.2896266280804
38.83614792813184,-77.30099806907837
38.823603603727925,-77.29649444781568
38.873801269318385,-77.23928890307438
38.81819745778822,-77.24872999400455
38.86053283860068,-77.2463252740735
38.87467428828409,-77.35240706207377
38.84006461899991,-77.38034541380081
38.78884816741955,-77.37214934885726
38.82559582016921,-77.36214491529714
38.80041713103093,-77.37351882111075
38.90513049649014,-77.32844769435958
38.87493947555048,-77.25079744906085
38.79466836356853,-77.39747330923657
38.87731983388172,-77.20397107235186
38.798938061682,-77.26457449879197
38.81209234353689,-77.28892523451393
38.86160472488713,-77.28351891745996
38.84164402481746,-77.40193097767387
38.89173821498607,-77.278322865101
38.84238480679503,-77.33943305641
38.87349925536879,-77.20184567466222
38.85293394232875,-77.30452714650353
38.86214000185216,-77.30510466338289
38.83582900412679,-77.34829532169974
38.83779111078626,-77.31384501186267
38.922116752127764,-77.3603076328015
38.84425149114948,-77.3581820813792
38.76405920144159,-77.31352323069702
38.921493634429275,-77.30800825987494
38.876595802824596,-77.26462543565165
38.88200394266256,-77.35599561783489
38.892511874818354,-77.30347319754182
38.80110445945966,-77.28330373194396
38.81775913243069,-77.29630854020807
38.78008836506077,-77.34996982979787
38.83744963951466,-77.288087423404
38.812345191163246,-77.31116923680182
38.84276029524605,-77.31239787089277
38.83259204220858,-77.34674427166343
38.86014887351208,-77.26946555807497
38.79666643727301,-77.23369073848669
38.83827388804538,-77.32520811533463
38.784878426976896,-77.3448788957387
38.878016198594516,-77.32961366711271
38.84140827615766,-77.26316861462497
38.86152042370574,-77.30287712523176
38.872645833358725,-77.31615130284005
38.846005773772234,-77.30535484497173
38.920484996260136,-77.31528852752078
38.78012198203165,-77.26250788465197
38.789277541869076,-77.24009445154363
38.88943914940242,-77.34788965677528
38.84842130556146,-77.25758821464507
38.78307613029936,-77.25086972815878
38.836436086670346,-77.3005033289431
38.76608579378524,-77.27727417248272
38.88202423260431,-77.30389430380227
38.88471787825673,-77.28392202323751
38.833834949131074,-77.29006582621986
38.758246104078395,-77.29512187566483
38.905593359196594,-77.38264133367666
38.841389355883116,-77.2526980510784
38.90336972947947,-77.25880459549406
38.799784751748305,-77.32259566764108
38.84222432582127,-77.31120241412489
38.85745137723483,-77.24843777191197
38.84059621663391,-77.2964128750886
38.868457659602306,-77.20312013411426
38.78424418070059,-77.35140980530544
38.797532258772144,-77.34247767742661
38.90792727789529,-77.27154119273212
38.86129599343763,-77.29513252760935
38.89777835935068,-77.37354916246933
38.84611069929923,-77.3060098480987
38.81986941821253,-77.31061228527817
38.84196184652185,-77.23763653121439
38.84512513082544,-77.30860977978571
38.86253140131146,-77.3339103467738
38.83528537943192,-77.22300437056192
38.880663319290086,-77.31373143513001
38.84357150889487,-77.30841328603796
38.84510514485125,-77.30881062124314
38.903101346857966,-77.32569219766158
38.84470957135584,-77.35612765460006
38.846697002957015,-77.2967115824143
38.808607458169,-77.27462297868325
38.90769494553454,-77.34096661279787
38.827379091655985,-77.30949012865445
38.82328501586018,-77.3021967304503
38.88542781014379,-77.25814525945826
38.84831905931415,-77.42146020465435
38.83084344372896,-77.33166682719967
38.84737705669267,-77.336154426234
38.88788315564078,-77.30320531971772
38.8678538699443,-77.35840650974407
38.86069402911438,-77.32338356800108
38.85912177625452,-77.2605591065945
38.8227232347009,-77.30508961258437
38.84215836940456,-77.19602963094823
38.899571473450465,-77.30227003129387
38.82464439824478,-77.28659894680746
38.843747153441875,-77.30722467744512
38.85854992748279,-77.34062554494948
38.871240303748614,-77.3834340879241
38.81861946893951,-77.30206314082871
38.78672605762009,-77.39242087478766
38.862528083062195,-77.19920753073295
38.869840711072186,-77.32958851718608
38.836971645888404,-77.2630939965357
38.822240561322296,-77.33212452319755
38.90776053332171,-77.2920760223697
38.87169257526382,-77.31994468894564
38.84923437241289,-77.30791417032502
38.853013041905385,-77.31409985402992
38.90964009699848,-77.33891342206083
38.8317471474095,-77.32322450184257
38.7995995860255,-77.35504195221787
38.834467112905074,-77.2673666597916
38.884655476665046,-77.25663954661523
38.85292741624485,-77.35524593507809
38.86222780177953,-77.28319108645272
38.86298697101278,-77.33678936197457
38.871635715282224,-77.28471491906907
38.827666060877725,-77.38644577305868
38.84567173774273,-77.3067528456507
38.77475848890092,-77.25868426053951
38.84291595277586,-77.28795549107689
38.80805601286501,-77.32581056404894
38.826944757901245,-77.29521066462029
38.839078926084284,-77.31934737727495
38.837290166446586,-77.32859463356228
38.8311166939973,-77.30562410579469
38.8306433327173,-77.3661570113514
38.80293438537672,-77.20896595691869
38.84163818378139,-77.37791554919595
38.80130472342915,-77.21042715884225
38.868436107132645,-77.29282607629736
38.93119014812168,-77.33288522077663
38.839186571627415,-77.33920289171668
38.84822948141558,-77.2719105466464
38.841679589867276,-77.30995786710645
38.833147579131904,-77.31105352938309
38.77273279716969,-77.27856612526158
38.782235533150065,-77.24284910468405
38.90042363741401,-77.31710356739819
38.81025562120674,-77.32126908770739
38.76223031086608,-77.31132409890166
38.83444448556323,-77.27080342513425
38.842078699596364,-77.30011012848901
38.865033343146436,-77.39364623136156
38.79010544312945,-77.29620414045478
38.81866848837002,-77.36953220885499
38.84533086631396,-77.2865568874602
38.862475818573934,-77.20302810088825
38.865149868076635,-77.30053169480568
38.86296177461061,-77.38687673119851
38.77909140336617,-77.34736713370903
38.838028948152214,-77.33982152964225
38.858645926387304,-77.31176106939839
38.837876380796914,-77.26404706187694
38.885730403609,-77.39848313044791
38.80475727432228,-77.31443636004566
38.90632849082174,-77.3409868815408
38.849177462572065,-77.22393578027948
38.88322876990168,-77.24804860993547
38.829227396083866,-77.26526968831944
38.87138998564561,-77.25102995460533
38.812092834335374,-77.34653326519495
38.828572728024874,-77.39526781210778
38.853400764665984,-77.21150436315028
38.84008239366761,-77.3008412303852
38.790128170083506,-77.26056458151496
38.84399736550092,-77.35396973634904
38.82390572927147,-77.32467017307111
38.81085234466211,-77.31857085605965
38.91188855216094,-77.3705077571132
38.88147899286991,-77.39710461245514
38.87227180464478,-77.31708505660045
38.87463725431732,-77.21821601264979
38.91422756429652,-77.37591287951702
38.77991583788852,-77.2280947032022
38.84980452866047,-77.36846476512287
38.83890192278811,-77.31147889393512
38.85400258475888,-77.29756930218402
38.864326471263084,-77.30514167462371
38.873572230258894,-77.23793986193203
38.878794849909816,-77.31940451075626
38.824206939523705,-77.3411184517406
38.842833740245744,-77.32905575032717
38.831838610526674,-77.3325289407131
38.87612083058408,-77.28140217985218
38.85008836185382,-77.34765611833551
38.85824455735332,-77.40013353640525
38.8535617464846,-77.3024703299886
38.84254233112705,-77.27180024168379
38.84243783420197,-77.26348010970666
38.85623936436592,-77.27994263544284
38.89859677137917,-77.29248801135088
38.85911310884973,-77.31267619649164
38.8220656184489,-77.29535395806778
38.85220129158054,-77.29742174424115
38.84618155634587,-77.30980673637397
38.84346978797707,-77.41361932853823
38.825903825477354,-77.29266614300855
38.85755087319214,-77.35987918460972
38.852287917833614,-77.25586218068169
38.78271174339207,-77.35184012646529
38.8463276815023,-77.26476805721674
38.88059249224789,-77.2889147340648
38.7998306491811,-77.27620409243296
38.894254898558486,-77.36637689622373
38.8815337651054,-77.35640074254658
38.92947961562767,-77.3283220964258
38.908225128164666,-77.3084348934332
38.835722730689255,-77.21672492999377
38.85270169952423,-77.33211283072252
38.81336545517884,-77.26010606449611
38.845637532875735,-77.30814348070929
38.83985705501704,-77.31512782244614
38.896919241419596,-77.21934570680254
38.761642410030156,-77.3263764403763
38.83575873174934,-77.30513349129522
38.84511190678268,-77.30717380041362
38.84500687303271,-77.30823387992105
38.84951519568599,-77.30029898962005
38.84792554868091,-77.31709079470617
38.842274823175345,-77.28155483349906
38.91607765907253,-77.34050363228465
38.87702245728801,-77.24565784348191
38.84294678468518,-77.3726967227373
38.868814140489434,-77.25617268664296
38.84777145511045,-77.27982095919444
38.84435899474311,-77.22941154463776
38.88285578089316,-77.21801943627162
38.8370856807448,-77.30101849637703
38.760616608070144,-77.29720158642843
38.88991957251511,-77.2901135853601
38.920481525473065,-77.31428049546346
38.89258597811964,-77.22593038516321
38.875762571662314,-77.26461789657286
38.852323229623856,-77.29941151886253
38.75951855664924,-77.31294135388698
38.79367573873291,-77.29466620704528
38.82562513304137,-77.3173708538439
38.76829273631352,-77.32882163170854
38.84641553488938,-77.24240702035412
38.86808084198325,-77.30171734131484
38.827578818840585,-77.29239108271004
38.84216360245154,-77.25636591578946
38.83116609134393,-77.29109661559167
38.813290405999055,-77.2652592493797
38.830683238091055,-77.23926371252753
38.84533094561506,-77.26357290750104
38.83767776227779,-77.30211216539148
38.7791002446985,-77.3826960012238
38.845958796989805,-77.2991972000826
38.85729107845954,-77.22088231443053
38.794270437640265,-77.21303233641844
38.92616063444031,-77.28824772045442
38.84252795120326,-77.24617116806188
38.83825198308742,-77.31633325767993
38.83131351888825,-77.27170343502503
38.83403716955687,-77.33852599220154
38.85357478350683,-77.29325802450369
38.86807111089403,-77.36753807750549
38.84329301913464,-77.29135070187185
38.86860030542535,-77.40920641931793
38.88097505137323,-77.25228570417148
38.8269117747095,-77.31685474532358
38.84591421619984,-77.30720389549981
38.85888390337056,-77.37366221816956
38.79569268966548,-77.31158251014284
38.84790818669425,-77.31128175460057
38.84474751110739,-77.30588132841977
38.85016391704386,-77.37308192553667
38.795643466427975,-77.34244622201425
38.84156816791692,-77.2703007329641
38.84559136776853,-77.30833248958236
38.80073931090923,-77.37972873915004
38.87410957297867,-77.24941872832704
38.83271590080259,-77.3266051904615
38.917909750383025,-77.30140277525653
38.845174480792906,-77.30721374621605
38.809219747391204,-77.25903666615926
38.80179291727794,-77.25655382296209
38.80956166805698,-77.31058218394674
38.87750897004453,-77.26407089553683
38.846022275131034,-77.30714514071975
38.82079620354216,-77.31735932818184
38.89449033851834,-77.21505566398199
38.87289197732574,-77.31809862577312
38.84490761706312,-77.31421373114054
38.84015551781497,-77.3505919372119
38.844802689320545,-77.33635959870973
38.84528677128618,-77.3212856720011
38.82456866395469,-77.32735580665017
38.86896958467267,-77.40516957017918
38.85640546428169,-77.3138255749217
38.84309319454128,-77.31329831941646
38.83171925598149,-77.25767223166149
38.90490317787754,-77.39141451919053
38.84430455972133,-77.24089180047163
38.88073709313246,-77.30591427575791
38.82889204164568,-77.27908548885244
38.78122939088496,-77.26060403140617
38.90505983071488,-77.30630091852018
38.84221459961367,-77.31083125151454
38.91571292568999,-77.33322227021544
38.88548454873657,-77.29182718332302
38.86907208743941,-77.20516078814978
38.91138243040583,-77.30395709249777
38.77569470544331,-77.37469423477674
38.927154789987725,-77.30390824198045
38.834195324082536,-77.28301875159474
38.87915882178751,-77.30792987041198
38.894903658193186,-77.35695041696353
38.817706572460644,-77.38445565158699
38.82133612055899,-77.39347857836829
38.77983398240882,-77.32805620335434
38.7647983642613,-77.3348526002082
38.89931093547906,-77.30418143874522
38.867915790658486,-77.28988629627901
38.755944211158095,-77.30166170107431
38.864050918664525,-77.29964739442894
38.82667804253087,-77.34091117352818
38.87591772025996,-77.25197330889722
38.86507872145937,-77.41612029731843
38.80297383378515,-77.30425703437466
38.90118653074215,-77.24530620461213
38.84490305570511,-77.26163611404404
38.85556271915429,-77.28696200895877
38.84376652111284,-77.30957940145548
38.84048457643387,-77.31245709344125
38.84347826251604,-77.32366586696119
38.86085861251217,-77.31959683103386
38.80446544596097,-77.20740473294644
38.90291220967152,-77.26938747693146
38.827235717657274,-77.29393530961866
38.864065820669545,-77.2037829231587
38.82858545228347,-77.32685916314159
38.83762024145046,-77.32022650616128
38.83729108026448,-77.41517601699108
38.880179712158025,-77.40022837691738
38.82075251502721,-77.22521956937605
38.81896945505189,-77.34918572807548
38.89461499816956,-77.27257352690994
38.84935477143751,-77.29124759673024
38.85714938658048,-77.334530373539
38.930932209710676,-77.27280425829453
38.834489288483226,-77.34539859221948
38.855572104950376,-77.29522334824834
38.850736921301156,-77.3023458402697
38.85962895950103,-77.32095302516012
38.849116241450545,-77.29888689353534
38.877254911867276,-77.31093258531612
38.77016818795615,-77.2753138678333
38.86236175529077,-77.32094009305192
38.84159531747756,-77.32098300458541
38.82664245205879,-77.28529402864388
38.87202691607254,-77.32084388222583
38.85141834386707,-77.34633699414334
38.77590578754222,-77.36796883563771
38.80814092709139,-77.2948326863848
38.7666532169877,-77.28566805114134
38.90362806592752,-77.27071796510494
38.85039441160606,-77.3070042497614
38.84288942449723,-77.29500875923661
38.88203062414258,-77.26730389819242
38.830200104048245,-77.4145379187812
38.87131819463658,-77.38979545148123
38.845964382787216,-77.29619414366672
38.90787513718544,-77.27083955704093
38.798053372957185,-77.37282527280124
38.77337772575019,-77.28962279489451
38.90250847700814,-77.38541110204018
38.87459633157154,-77.32268468191995
38.84105393041585,-77.29867691138902
38.82192968158712,-77.27699230895594
38.82531283802416,-77.36109662914413
38.8881845302905,-77.21133403228193
38.88236466020498,-77.29633698164399
38.772536796976546,-77.32854314289477
38.85201519888062,-77.28904097859117
38.84787440635656,-77.27915499245019
38.882016332464396,-77.20278838255194
38.91859479779088,-77.27479049215852
38.8094325568271,-77.29481310692302
38.84724796543155,-77.30984965738647
38.90590881256124,-77.31480379788285
38.88421088752488,-77.4068235608806
38.876699937869155,-77.30813996585486
38.85506330396007,-77.3767812727605
38.84078799352624,-77.30141126626715
38.84549247168722,-77.30661662047568
38.842043040092335,-77.30478689327042
38.85331129571437,-77.30548249973745
38.84212081182064,-77.30899369486929
38.77165986227529,-77.33383497169936
38.815617912320256,-77.32087955745072
38.914779152667215,-77.29146893568924
38.874633525643645,-77.29945789926785
38.82538439750856,-77.2967655057953
38.80190165607801,-77.27864894645626
38.895070101808415,-77.32379224287097
38.9267947185861,-77.29452068980397
38.87937657854057,-77.28349789176237
38.855571766811984,-77.39843740374462
38.86094982039103,-77.26474654575243
38.75873338136945,-77.2767881534547
38.83770846193252,-77.30690307590888
38.806216159852504,-77.22419776825119
38.84501650225726,-77.28835297700398
38.842935231428875,-77.33794867223051
38.800760837210355,-77.2367786881164
38.84380227009011,-77.31447369122881
38.93336037928671,-77.31078900501011
38.80459123850458,-77.35477359503058
38.86112301939268,-77.23856243833977
38.83735414401132,-77.25011168775993
38.86798803976137,-77.29787718125975
38.85417880036714,-77.33859297020938
38.88022416411021,-77.33803027471599
38.864502395076,-77.24899224950386
38.887218445908715,-77.2905061158182
38.86519138325935,-77.37692048721819
38.872353013152676,-77.32515575963448
38.888284708905296,-77.2765799770344
38.823154106477176,-77.20585311925771
38.84309699042024,-77.29473221421607
38.851039142640495,-77.36635971843091
38.835366799460644,-77.30082180542722
38.80172452609045,-77.35523131943641
38.83277409034786,-77.40833075381263
38.84052732441313,-77.33620827781202
38.92252531192698,-77.29827275091509
38.83284842210681,-77.3589338882554
38.82024031044337,-77.31440071585791
38.7841920581887,-77.30257820574435
38.8457011950155,-77.35336995476821
38.85333312137735,-77.28565485993892
38.85766354101017,-77.32573572066873
38.860199908647125,-77.2690068550346
38.86663724283335,-77.40799412123106
38.83698744843616,-77.2721814696458
38.87446968533155,-77.31108932265954
38.846809722978314,-77.24207067289747
38.847455481561504,-77.392337138483
38.89272951117821,-77.32766468383798
38.85515248453723,-77.20834501338638
38.898546078795185,-77.32597007747837
38.92689125377413,-77.33667517958973
38.839344643620834,-77.36523841653636
38.80262567352963,-77.29912275045203
38.8336367979146,-77.37674869899763
38.839754039346424,-77.32803953564458
38.918174922819986,-77.25113691200336
38.87184166038299,-77.21365535903101
38.85767047280707,-77.35245456869993
38.86715617495548,-77.36640405365185
38.845451146117654,-77.30740802723294
38.8209334342261,-77.2736403143545
38.84104829847202,-77.28571486229245
38.852030036809545,-77.38491425853955
38.84293081812028,-77.31851937157406
38.8122546267653,-77.34889898534166
38.84109641423646,-77.30167110738013
38.83503112985615,-77.36775622731835
38.839663476670715,-77.30387597418765
38.84585362241772,-77.31284707872027
38.86146481266135,-77.2966207362046
38.83039974694444,-77.34682171460524
38.793691860739514,-77.30001414802452
38.92472213364341,-77.2913524832452
38.89922954245587,-77.35998657172739
38.93199071208307,-77.3238854148289
38.851683389220796,-77.2776695514158
38.896122338187176,-77.32788057290765
38.86446947064676,-77.36373407865712
38.87665587548593,-77.22674908169408
38.89206903934851,-77.39970458037271
38.87854145558795,-77.33502549556022
38.8513087065249,-77.33493406072849
38.81207700678267,-77.37293220942443
38.82933441246409,-77.25694740772565
38.86259829666545,-77.30428330132672
38.84761225136117,-77.31142630787245
38.84038753424081,-77.24802581341997
38.849413152431175,-77.27346224045056
38.80558676596008,-77.25142758971057
38.87002061526425,-77.26723058331928
38.829384603161,-77.31481904534802
38.862060727781106,-77.30244640857232
38.831917166287646,-77.30681280504349
38.85509064276953,-77.24198642317955
38.8441859240049,-77.41970896871032
38.82052885726774,-77.31435680083365
38.84190694647121,-77.21056318415916
38.81161196294121,-77.25061517627596
38.838696424142626,-77.30853677502056
38.78587775310689,-77.25720831851646
38.91454951424573,-77.29529447013493
38.84497392196586,-77.29479940258324
38.85330112361832,-77.30667642002787
38.91915349844212,-77.29714866089456
38.868149575707676,-77.28857427961671
38.840306904657204,-77.30428088689224
38.82255475045847,-77.32884649530006
38.83560519445425,-77.31750213335108
38.778747827417945,-77.2956709563732
38.9074333173562,-77.33135355779635
38.88215903044456,-77.40306900912572
38.81203158695228,-77.23171025089746
38.77225853396559,-77.30547606716189
38.83533428761392,-77.38905265015515
38.853226126706524,-77.30466102116048
38.92970667727879,-77.30151044352222
38.88406975837012,-77.37770129075999
38.86466040641634,-77.33426234067169
38.82828830461154,-77.25299344996205
38.81197542307383,-77.34543931221415
38.8461574252618,-77.36457334097223
38.8727790298564,-77.34932922028776
38.84330702266842,-77.30923432537031
38.84623826542145,-77.30981262195883
38.860404605747604,-77.38073291227622
38.8649439963836,-77.2200349694364
38.839590723530506,-77.32634548587224
38.85747976571122,-77.30172328006013
38.84405996440743,-77.34885855943176
38.93048172759181,-77.291639144511
38.84561185962243,-77.31484644983138
38.85366079445338,-77.39439907053871
38.84695552229955,-77.30197768663771
38.77595862288048,-77.36894933830791
38.876661178981095,-77.34332502610202
38.87320890021907,-77.39258885160713
38.81088181543882,-77.3043710030884
38.859313557022304,-77.2258939397636
38.82257593894686,-77.30953460685565
38.83543677894773,-77.30538575361072
38.85831384286189,-77.29269065659437
38.85230923654099,-77.3463674922524
38.89481786112626,-77.38439890203462
38.81963754191496,-77.32310277427462
38.796996176432295,-77.33596394262753
38.86928440577093,-77.30305138555745
38.931529175251654,-77.29919409706925
38.78512516775486,-77.35097731688248
38.797089342172924,-77.22625482768738
38.808461771556836,-77.21686717309072
38.861937661147905,-77.28663838318694
38.842023980282015,-77.19618569062789
38.85272937317558,-77.31654811086473
38.860958653136024,-77.28031335596766
38.85187788739094,-77.27000829114667
38.76207878881246,-77.3464624812251
38.79516521060365,-77.36026536681341
38.76857885721272,-77.30912098310122
38.8196322896368,-77.41384596137462
38.81950367998826,-77.38629121097797
38.84361645376591,-77.27731086836617
38.831070546840316,-77.34213434538863
38.79904567664726,-77.27019072669312
38.76163987999897,-77.27053325025543
38.84480613308771,-77.30666675143438
38.78210719306074,-77.23007562717339
38.82441841240811,-77.31162076602156
38.85929628542568,-77.32740136053468
38.877523632367584,-77.29484922530284
38.854971877504504,-77.30844580894504
38.871927849701265,-77.2128938732097
38.86519745703995,-77.2179872398953
38.86979052162446,-77.37801450316313
38.82627877889444,-77.29521825041499
38.867457220448436,-77.40110213569514
38.85197183396162,-77.24157778833224
38.8822721956155,-77.35954754811397
38.87329530162297,-77.37014552818883
38.88250672715199,-77.35873683763585
38.84406577540839,-77.30579766458958
38.863126199626095,-77.39297681440516
38.89382570554723,-77.32166555926398
38.86406514422719,-77.27960631773139
38.821140034407954,-77.38939720960519
38.845389335779544,-77.30729480940383
38.845206463713346,-77.31333707839987
38.7877161132476,-77.32436782749849
38.87652480191596,-77.36633165711096
38.916319825433106,-77.29774112174196
38.84670687567543,-77.3667589203586
38.86398696557989,-77.31266221110117
38.82730275318573,-77.2504583176811
38.88898408310688,-77.30637794514965
38.85471786009059,-77.30020155988481
38.79151776443093,-77.30642440419915
38.8099728428564,-77.3443847112063
38.865900359920516,-77.23836048375816
38.82211835077415,-77.38964844962959
38.81362245379492,-77.28537208866123
38.80078437448435,-77.21046924357937
38.830250460170014,-77.38701204782542
38.89215932542044,-77.3563473990179
38.827516447705044,-77.3347184884602
38.89846302833189,-77.26592453930702
38.765967293560784,-77.25800898016617
38.84056699384141,-77.27186067444137
38.76581552151477,-77.33921594646162
38.83054202111296,-77.25121766000726
38.87180515812332,-77.2177183445369
38.79662265441092,-77.26989837040531
38.84755518610295,-77.29998646934496
38.83015311638707,-77.26287738688065
38.836470709562164,-77.33326308397429
38.81264635822642,-77.26059706474426
38.80677712996875,-77.26627868995627
38.84936675303922,-77.31209898355127
38.786457877929365,-77.28986694187164
38.83354584151723,-77.33703111261647
38.80174248613879,-77.29317558847468
38.8481170655096,-77.31159828547372
38.832830562776834,-77.29579816729071
38.8777847986707,-77.26609312204536
38.85945293552962,-77.26237701268342
38.87311650960343,-77.31562805367749
38.871842400497336,-77.33782801011479
38.89300800078137,-77.35019629234596
38.831603621176946,-77.30418216951874
38.84623604182969,-77.30761569103103
38.816015181278715,-77.37015405873466
38.83060263571086,-77.31803055723658
38.799089332834775,-77.26985338195296
38.877527254849355,-77.23442175037883
38.84882456433653,-77.30928945666516
38.84674199906515,-77.29146684389177
38.83001560236874,-77.31663250656605
38.82414701556098,-77.27916849214373
38.77746350461531,-77.36270589101751
38.89943228612302,-77.27476559870328
38.8665213869849,-77.22752986240789
38.75543333597136,-77.29921716444491
38.87014441184023,-77.2013079735856
38.84049843313386,-77.25249414426712
38.77498413989275,-77.2823781905795
38.83081254444373,-77.31951783280344
38.8174417233323,-77.33672666542452
38.86690386439026,-77.31462074501495
38.8744006026069,-77.40826323450696
38.832092192656326,-77.28857056249893
38.87894728263689,-77.34436247441889
38.83736326432129,-77.30721977324107
38.85847918807186,-77.22620625976236
38.84032451308622,-77.34394508554745
38.82881555525106,-77.19694371094117
38.829928220075,-77.29944114466329
38.86259564526152,-77.31144616113083
38.80999561213331,-77.30649938227769
38.84294293406449,-77.22443854848923
38.843944605614986,-77.30249101565676
38.82478363829276,-77.33106662840898
38.83802151940638,-77.41783798673004
38.89617397962275,-77.38294093369265
38.8460888464479,-77.22635196993686
38.7766376139716,-77.34740925963274
38.82899183628473,-77.30476892938779
38.86825728283785,-77.34254753363643
38.88579710464656,-77.30314399603697
38.830244739018966,-77.35820585636444
38.80814955440702,-77.36536650480191
38.81457798761727,-77.38468468243325
38.867376506654075,-77.31563790271596
38.861535918281476,-77.23400620232532
38.772435928116614,-77.24637956689712
38.89096844002469,-77.2791187351553
38.902927380131814,-77.28300844763677
38.87414561390212,-77.28654141068543
38.839744546997274,-77.3266274999633
38.90423578430762,-77.36611174003922
38.81072139242404,-77.34168234107811
38.844038202966786,-77.29547047348416
38.784166257279324,-77.32491482131282
38.88300670232102,-77.39482136511849
38.86670425019936,-77.2040206281709
38.865935722768484,-77.31011823986525
38.882290010171126,-77.25526106276412
38.84990027259451,-77.36728677588981
38.82708592761776,-77.27770873291871
38.84535285380601,-77.32707670309541
38.88189070152199,-77.37209486526218
38.87124239729078,-77.38537003569932
38.84295701125388,-77.35940043634432
38.777794263664134,-77.24500543523901
38.876067152601095,-77.3271502923965
38.885354005502506,-77.3117040037955
38.84498120692883,-77.29836609508918
38.85211274400391,-77.30656960096458
38.79787999327588,-77.22607037233887
38.866770432701486,-77.33912506862411
38.847325794815724,-77.315711834705
38.84137803277005,-77.30382889962813
38.895001175693196,-77.26057456397128
38.888914466565886,-77.40202234240051
38.87993566853428,-77.41131274309679
38.80478019274783,-77.3652356717546
38.846389787004405,-77.31366108631325
38.81782977033688,-77.30692929369508
38.8677079015049,-77.264044823226
38.77380491349734,-77.36142667239963
38.84809907734955,-77.30653019260903
38.85918208342254,-77.35228559513959
38.87771362382677,-77.20592945411124
38.81531737433824,-77.22514571763593
38.840623889393015,-77.32425215257038
38.84817746561238,-77.39242969052448
38.85973996765434,-77.34432576690457
38.89999447725847,-77.26366977840111
38.85103924890931,-77.35986576920902
38.787143470026415,-77.2923498042533
38.817946396678465,-77.29229873155668
38.79338855248994,-77.39525162061697
38.79401918351474,-77.27516926835389
38.841453970961076,-77.3070374730113
38.916000660790125,-77.29202043176676
38.792275207123026,-77.28938116522748
38.87414137003904,-77.22978121591
38.81642243736194,-77.35501865114763
38.86988698313731,-77.38705533942667
38.86723646457375,-77.36812243351841
38.925454227254285,-77.29632344078486
38.804312328733246,-77.35548658021798
38.84791686463089,-77.30886058663955
38.786140568925674,-77.24419039706834
38.911811526233194,-77.36897267343919
38.81350449864172,-77.35071255851446
38.906396886143874,-77.3474906826509
38.87301383174447,-77.35674096904464
38.85630416021536,-77.33163775116459
38.79639246651034,-77.3052777756763
38.85952852400307,-77.23078933699027
38.85104902631418,-77.40972308263805
38.84751885504631,-77.42035511611988
38.847467181142456,-77.31667326458671
38.78859486601682,-77.24974958985845
38.833696839905045,-77.29369420716291
38.81283408087146,-77.27822248574711
38.80421020911802,-77.30185632695229
38.921761913682495,-77.36371728781823
38.87803772219663,-77.27416709783516
38.88930049804406,-77.39486379600869
38.860453415645665,-77.30635793332661
38.84252960030672,-77.34506076796299
38.92458464153857,-77.33990075088714
38.888587974840156,-77.2314358832422
38.81275025844595,-77.27226985168197
38.77604835197441,-77.2889364459577
38.826216544336425,-77.30565584882584
38.799521834717005,-77.35961704307323
38.85173830396049,-77.30485649645114
38.82487629845729,-77.30088143761752
38.88292444865713,-77.38339357419129
38.83593252071089,-77.31124231847534
38.82541976638628,-77.26979454400814
38.84035321488178,-77.27808038599235
38.75958268496519,-77.33280923101745
38.776906500841264,-77.24137800331431
38.7984306753862,-77.3141546607376
38.88212799153856,-77.21687661512611
38.89409513721884,-77.31582758714804
38.83481986322154,-77.30467907720043
38.88701342150851,-77.24798169635346
38.813580689552325,-77.2220753446574
38.860499792615,-77.2302127156382
38.805352300083946,-77.35113230643157
38.834156225729004,-77.38191668071738
38.82133719869266,-77.30954705298126
38.849375984961725,-77.3240033693649
38.880617022262726,-77.3253218606564
38.82605628151331,-77.29678733386093
38.88399418621185,-77.4082172794384
38.83864080065383,-77.29695125074934
38.77163689366643,-77.28634617251852
38.83288269019723,-77.32278533524833
38.8160679914986,-77.35450406497877
38.85038575629451,-77.40564998227312
38.858463342010225,-77.38421836833747
38.91166699010936,-77.34215603183802
38.86815216158523,-77.26688793687208
38.844486254976374,-77.30210442346981
38.86330720167182,-77.27292604925483
38.79847730129267,-77.32282627493073
38.84319354919888,-77.38107886380374
38.825332996464105,-77.28641866665845
38.82665716619233,-77.25351510187541
38.772568813734146,-77.35948906168399
38.89101045916823,-77.28722427866936
38.83229910959441,-77.34307489691768
38.83119521227635,-77.31541024131425
38.83374212673011,-77.30220832558332
38.82324621207114,-77.30747084280297
38.81447604420323,-77.40714248809094
38.77048737542855,-77.26453205041254
38.83984469465207,-77.30797383381896
38.846483349978776,-77.30498725149714
38.91120201886526,-77.36167558949273
38.89308551639656,-77.23437009557763
38.81705441383315,-77.25900860166193
38.86414117935989,-77.25461058479922
38.86456223940872,-77.34122472406364
38.79266170374695,-77.32766836906279
38.80150885093386,-77.26697531504638
38.86253474260926,-77.32315343645332
38.823785515387236,-77.35112182250568
38.860552742668744,-77.37663255768003
38.79968487624176,-77.32051389732239
38.859673314977876,-77.33342949581666
38.83460081537154,-77.32260344265049
38.894013630708514,-77.32576940460292
38.85706295747803,-77.20982187915
38.81677351861122,-77.31565758835266
38.816638725156636,-77.41145445438015
38.81828052290747,-77.34871087179235
38.78666937497847,-77.32650045381278
38.82191270469836,-77.29557363163065
38.87937110996171,-77.3229862029109
38.784702606770885,-77.38947496674389
38.852219975971856,-77.22407743717875
38.83661601502855,-77.33212497813588
38.843246271432626,-77.33475459628941
38.82023882356734,-77.40801605239108
38.84005369548516,-77.33298790151782
38.90761083021726,-77.31275523417574
38.76353505122729,-77.28391929983104
38.8678627138995,-77.33538477064205
38.76606357723482,-77.28601019493513
38.86634891700525,-77.2081249666204
38.8199340497471,-77.22703031709828
38.86987679159883,-77.30139836851409
38.85504597353951,-77.31426893264981
38.90699464550232,-77.30666510024233
38.84766050773719,-77.3714012537345
38.77748392639032,-77.36197563281016
38.869061879917425,-77.29870037963828
38.898536932295684,-77.32276412346393
38.85273098383846,-77.35094835111384
38.85380670809888,-77.3071015957972
38.81103713937656,-77.28961146237451
38.860061782364376,-77.32307166987688
38.82970113793,-77.2477170933402
38.848877042488645,-77.4139403026745
38.89093518525908,-77.31757290500222
38.86032710296807,-77.38876862985418
38.892145953268574,-77.32482190184001
38.841896352366994,-77.25020004478002
38.839764699952035,-77.30041368209459
38.84863729412386,-77.3601794146282
38.85957663309466,-77.38333309040817
38.84468706157416,-77.30937994415525
38.87363735875063,-77.20388167836244
38.84039561114971,-77.31472329692791
38.84682224886948,-77.30824269143733
38.88401485770386,-77.29499441801062
38.8438089137802,-77.26211809071084
38.86760919458251,-77.33273754110982
38.844646405793455,-77.27529902200828
38.83610300757299,-77.32053811247557
38.83314034148018,-77.27877603516372
38.864397165843464,-77.33674865347315
38.828829097447,-77.27880651862894
38.843165512224566,-77.2976678108702
38.84214151475587,-77.29964047791881
38.82299061961815,-77.35779966233262
38.854859230046,-77.31116230757621
38.86627037750559,-77.29360824468351
38.84823042692952,-77.23124442669155
38.849203807296114,-77.30885025179525
38.89303627333277,-77.31041833297957
38.834817951696984,-77.23146839940964
38.8064937625972,-77.31126663661864
38.86262932957194,-77.28898589225021
38.84620538033144,-77.30717259734702
38.90547406135393,-77.38016368237173
38.91891464500477,-77.25791525475827
38.91937095336687,-77.25668915218893
38.86234128774001,-77.27080519755283
38.79049658890225,-77.31748083080046
38.82010351053389,-77.36778176641937
38.87549703947343,-77.27815547309868
38.79070542112582,-77.26786415023297
